raw_voltage_G-,raw_voltage_G0,raw_voltage_G1,raw_voltage_G2,raw_voltage_G3,raw_voltage_G4,raw_voltage_G5,raw_voltage_G6,load_x,load_y,load_z,load_l,load_m,load_n,rpm,voltage,current,roll,pitch,yaw,aileron1_pwm,elevator_pwm,throttle_pwm,rudder_pwm,aileron2_pwm,pbaro,pdiff,Tt,sample_start_time,sample_end_time,uid
-0.011939502647956938,0.10922025493853281,0.08422403584950348,-0.1940489560099805,-0.1373862884196119,0.17392279601792457,-0.24242520611063112,-0.25713531224176484,-15.290940083953549,28.774730075335313,13.65386413413519,1.0179790397261883,0.4265729582275866,0.42574908779908355,-1.0,11.994222222222223,0.0,179.1341479991531,7.2628239767800675,82.62799643599563,0.0,0.0,1000.0,0.0,0.0,1021.7000000000002,250.0,289.15,1649147405.2347338,1649147406.3121605,374b2d5f-1939-4188-89d0-9219209c4642
-0.00770726594902964,0.109096985913359,0.08384053221238508,-0.19458312184628287,-0.1383724407079279,0.17337493369368698,-0.24252108203178405,-0.27240697709790407,-15.204833162639929,28.78589624755743,13.486547259898458,1.0180244659249797,0.427025750582871,0.4275515763780086,-1.0,11.992333333333335,0.0,179.14782203787144,7.265080785118325,82.06578003920474,0.0,0.0,1000.0,0.0,0.0,1021.7000000000002,250.0,289.15,1649147406.4429207,1649147407.5302007,374b2d5f-1939-4188-89d0-9219209c4642
-0.012528454667973818,0.1094804895473046,0.08422403584942946,-0.19415852848916237,-0.1378382748847888,0.17348450615839014,-0.24246629579091747,-0.2715988799867682,-15.245905946802397,28.791284607561533,13.61288907418158,1.0173671919284082,0.42760718807383613,0.4264206477852402,-1.0,11.993555555555556,0.0,179.194057865093,7.266101139489335,81.50814290479738,0.0,0.0,1000.0,0.0,0.0,1021.7000000000002,250.0,289.15,1649147407.6384342,1649147408.765828,374b2d5f-1939-4188-89d0-9219209c4642
