raw_voltage_G-,raw_voltage_G0,raw_voltage_G1,raw_voltage_G2,raw_voltage_G3,raw_voltage_G4,raw_voltage_G5,raw_voltage_G6,load_x,load_y,load_z,load_l,load_m,load_n,rpm,voltage,current,roll,pitch,yaw,aileron1_pwm,elevator_pwm,throttle_pwm,rudder_pwm,aileron2_pwm,pbaro,pdiff,Tt,sample_start_time,sample_end_time,uid
-0.007775748741059391,0.10590568781506737,0.07119860873128679,-0.20849882675055778,-0.1306338845660444,0.18775631968579445,-0.22605781672733913,-0.24946523895098563,-14.959775876802633,26.27246025566571,13.308588071928812,1.0645354150008783,0.41576849934661836,0.41124731240571794,-1.0,11.991999999999999,0.0,179.21867234904187,-2.7512826579858034,101.9452247212651,0.0,0.0,1000.0,0.0,0.0,1021.7000000000002,250.0,289.15,1649147237.682594,1649147238.7341707,c2a11a5b-8591-43dc-9c8b-b02fad027d9a
-0.0008370719983503916,0.10590404422810076,0.07145446044414723,-0.20785015766989282,-0.13060156068578027,0.1882806239285905,-0.22656075441467055,-0.25777576345373976,-15.005407951661661,26.334453791925043,13.466258147477738,1.0646762239661498,0.4146252875588943,0.41174112172068617,-1.0,11.994,0.0,179.21273008446394,-2.751738501965098,102.15207700027892,0.0,0.0,1000.0,0.0,0.0,1021.7000000000002,250.0,289.15,1649147238.8686037,1649147240.0034645,c2a11a5b-8591-43dc-9c8b-b02fad027d9a
-0.009885018810401472,0.10660421229181354,0.0714177536672194,-0.2078413918712053,-0.1300997187451427,0.18805764396263372,-0.2261536926489649,-0.24404140067560254,-15.014023275317891,26.26542079605119,13.535494613371162,1.0637026288515687,0.416694102563219,0.4107328177298795,-1.0,11.992444444444446,0.0,179.19615700989792,-2.7544135170944117,102.32583397712442,0.0,0.0,1000.0,0.0,0.0,1021.7000000000002,250.0,289.15,1649147240.1117828,1649147241.2335184,c2a11a5b-8591-43dc-9c8b-b02fad027d9a
