raw_voltage_G-,raw_voltage_G0,raw_voltage_G1,raw_voltage_G2,raw_voltage_G3,raw_voltage_G4,raw_voltage_G5,raw_voltage_G6,load_x,load_y,load_z,load_l,load_m,load_n,rpm,voltage,current,roll,pitch,yaw,aileron1_pwm,elevator_pwm,throttle_pwm,rudder_pwm,aileron2_pwm,pbaro,pdiff,Tt,sample_start_time,sample_end_time,uid
-0.007556055966401065,0.10431305200790453,0.05901579384299727,-0.22156424929431345,-0.12688047939818087,0.198799580505779,-0.2170542459987895,-0.24043263109504018,-14.93595134516403,24.36119300827027,12.957157366134378,1.1055028170235002,0.4135451378813122,0.40992054096059194,-1.0,11.992666666666667,0.0,178.97712498577414,-10.755598208353259,113.54401063643007,0.0,0.0,1000.0,0.0,0.0,1021.7000000000002,250.0,289.15,1649147289.6977146,1649147290.8014526,0d31efa3-789f-4408-a6b1-c1a5d58d277d
-0.008172948948176969,0.10509759087057802,0.05995373417303388,-0.2208668204556683,-0.12614141304768003,0.19931621467430738,-0.21674415587947307,-0.23224866244971112,-14.97581407446404,24.400442547991187,13.235553738641451,1.105421739609796,0.41427661182908365,0.4076435999372718,-1.0,11.992444444444445,0.0,178.96390022172116,-10.764091169131214,113.80419910376264,0.0,0.0,1000.0,0.0,0.0,1021.7000000000002,250.0,289.15,1649147290.9313629,1649147292.0277088,0d31efa3-789f-4408-a6b1-c1a5d58d277d
-0.0046392367659349575,0.1043168870440586,0.05974828579500776,-0.2210585722965738,-0.12579899906051242,0.1997271114151372,-0.2165797971603235,-0.24045290248114556,-15.003528275269318,24.369073271293377,13.160533115858051,1.1065335345971112,0.4122196104248161,0.4070147934776151,-1.0,11.990444444444444,0.0,178.99231380866843,-10.765368793960963,113.97467379525698,0.0,0.0,1000.0,0.0,0.0,1021.7000000000002,250.0,289.15,1649147292.142969,1649147293.249917,0d31efa3-789f-4408-a6b1-c1a5d58d277d
