raw_voltage_G-,raw_voltage_G0,raw_voltage_G1,raw_voltage_G2,raw_voltage_G3,raw_voltage_G4,raw_voltage_G5,raw_voltage_G6,load_x,load_y,load_z,load_l,load_m,load_n,rpm,voltage,current,roll,pitch,yaw,aileron1_pwm,elevator_pwm,throttle_pwm,rudder_pwm,aileron2_pwm,pbaro,pdiff,Tt,sample_start_time,sample_end_time,uid
-0.010994440071236443,0.10564545320622953,0.06571998532189326,-0.2145253131540398,-0.128675276555687,0.19368692932284118,-0.22175709686007905,-0.2511773085212154,-14.972078186849506,25.38670767460465,13.33270349862628,1.0853096552754211,0.41504545182305624,0.41022888500968646,-1.0,11.993333333333332,0.0,178.9967503959893,-6.74474862613777,108.44293394285995,0.0,0.0,1000.0,0.0,0.0,1021.7000000000002,250.0,289.15,1649147266.2117093,1649147267.4523008,29be9ec2-0e7b-48f4-a9fb-32af98b45471
-0.01028221902224568,0.10523455645511996,0.06524060577329198,-0.21458009939381004,-0.12899029742430043,0.19387868113556275,-0.2215927381389409,-0.2524647853047243,-14.9306810975794,25.352855622437072,13.294553471687308,1.085630609196534,0.41352524463124546,0.41101622743657984,-1.0,11.991111111111111,0.0,179.0247222973702,-6.740291500817513,108.76939345897942,0.0,0.0,1000.0,0.0,0.0,1021.7000000000002,250.0,289.15,1649147267.5909154,1649147268.6802914,29be9ec2-0e7b-48f4-a9fb-32af98b45471
0.0005517590528065648,0.10565914976469841,0.06545975070963723,-0.2140048438734838,-0.12782608986662228,0.19411152262196293,-0.2212777172575621,-0.23678222367751944,-15.00853756131391,25.293168995386363,13.465186752288199,1.0844594506539948,0.41409851224970645,0.40895042590047065,-1.0,11.992222222222223,0.0,179.04546178733,-6.737103130567455,109.03266234162766,0.0,0.0,1000.0,0.0,0.0,1021.7000000000002,250.0,289.15,1649147268.8004696,1649147269.9105566,29be9ec2-0e7b-48f4-a9fb-32af98b45471
