raw_voltage_G-,raw_voltage_G0,raw_voltage_G1,raw_voltage_G2,raw_voltage_G3,raw_voltage_G4,raw_voltage_G5,raw_voltage_G6,load_x,load_y,load_z,load_l,load_m,load_n,rpm,voltage,current,roll,pitch,yaw,aileron1_pwm,elevator_pwm,throttle_pwm,rudder_pwm,aileron2_pwm,pbaro,pdiff,Tt,sample_start_time,sample_end_time,uid
-0.01435009698791317,0.10950788266405709,0.09311310227536163,-0.18488595745681555,-0.14171440124394263,0.16374625332819476,-0.2505061766475028,-0.2808988445796329,-15.26149721437877,30.32729335072885,13.431135051332177,0.985155571901939,0.428879078544822,0.43021733272804313,-1.0,11.992666666666668,0.0,179.1139655490656,13.203262522589306,66.24694732605914,0.0,0.0,1000.0,0.0,0.0,1021.7000000000002,250.0,289.15,1649147451.3108742,1649147452.3900526,608e448d-0d90-4f0c-9d89-de076272c06f
-0.006049982318066673,0.1095215792221957,0.09315419195092245,-0.18509140585444692,-0.14194724275699874,0.1635681980722344,-0.25088968033511044,-0.2757900278466437,-15.274503784363517,30.361773441370676,13.37920418264637,0.9854346926388233,0.42951125297042597,0.4309278539788879,-1.0,11.991333333333333,0.0,179.12225284525854,13.200464611486801,65.63564235970337,0.0,0.0,1000.0,0.0,0.0,1021.7000000000002,250.0,289.15,1649147452.5238984,1649147453.6067913,608e448d-0d90-4f0c-9d89-de076272c06f
-0.01568195039194808,0.10879675735407507,0.09233458989494059,-0.18560256146805298,-0.14172535849185575,0.1642316593484786,-0.2501232208243259,-0.2701749857899717,-15.246477023850494,30.238600668621824,13.306819145134867,0.9872238520048665,0.4272447973843574,0.430527446463106,-1.0,11.993666666666666,0.0,179.1490575432013,13.194726303946606,65.09490994349179,0.0,0.0,1000.0,0.0,0.0,1021.7000000000002,250.0,289.15,1649147453.7168572,1649147454.848592,608e448d-0d90-4f0c-9d89-de076272c06f
