raw_voltage_G-,raw_voltage_G0,raw_voltage_G1,raw_voltage_G2,raw_voltage_G3,raw_voltage_G4,raw_voltage_G5,raw_voltage_G6,load_x,load_y,load_z,load_l,load_m,load_n,rpm,voltage,current,roll,pitch,yaw,aileron1_pwm,elevator_pwm,throttle_pwm,rudder_pwm,aileron2_pwm,pbaro,pdiff,Tt,sample_start_time,sample_end_time,uid
-0.005307628821108017,0.10510197376997976,0.06192165570606021,-0.21854004883317135,-0.12810330823093158,0.19620928745106553,-0.21918433501769166,-0.24391703624468178,-14.911357689715032,24.826596762128464,13.091870871720849,1.0961239915273733,0.41495580918414815,0.4107960275550384,-1.0,11.99288888888889,0.0,178.99521739797558,-8.744397970551708,111.47802791775305,0.0,0.0,1000.0,0.0,0.0,1021.7000000000002,250.0,289.15,1649147278.61761,1649147279.7410524,d3c1b927-a199-4e7f-915d-3989db273e94
0.0006476349776022272,0.10530303924687949,0.062432811271792545,-0.218141205004039,-0.12773021394959563,0.1965084202786571,-0.21927801948820216,-0.23790534162078317,-14.953689084527726,24.8681777120685,13.21587004706709,1.0961960438857388,0.41489454012354443,0.4098805320697334,-1.0,11.992777777777778,0.0,178.99414429936598,-8.749885173776164,111.71591581744549,0.0,0.0,1000.0,0.0,0.0,1021.7000000000002,250.0,289.15,1649147279.8705387,1649147280.9592488,d3c1b927-a199-4e7f-915d-3989db273e94
-0.0059951960919654755,0.10511128742988333,0.061994521398296774,-0.2179631497231899,-0.12762064147340638,0.1961797028857534,-0.2191273573275773,-0.242069096477175,-14.941790998405237,24.80699948996708,13.165335298308053,1.0946262748499322,0.414488285500674,0.41005473062789655,-1.0,11.99288888888889,0.0,178.9973590417353,-8.758666899774035,111.90846416251753,0.0,0.0,1000.0,0.0,0.0,1021.7000000000002,250.0,289.15,1649147281.0684843,1649147282.1977527,d3c1b927-a199-4e7f-915d-3989db273e94
