raw_voltage_G-,raw_voltage_G0,raw_voltage_G1,raw_voltage_G2,raw_voltage_G3,raw_voltage_G4,raw_voltage_G5,raw_voltage_G6,load_x,load_y,load_z,load_l,load_m,load_n,rpm,voltage,current,roll,pitch,yaw,aileron1_pwm,elevator_pwm,throttle_pwm,rudder_pwm,aileron2_pwm,pbaro,pdiff,Tt,sample_start_time,sample_end_time,uid
0.0016874777036172577,0.10882305474618342,0.08122394168342088,-0.19755472748469732,-0.13712331447640344,0.17689385340225422,-0.23976204694588812,-0.2600636366954028,-15.19020946151611,28.31839584471119,13.565685346443006,1.0294257335108992,0.425385502201788,0.4257431579482397,-1.0,11.992444444444445,0.0,179.0142523762825,5.214612698845378,88.73300393126061,0.0,0.0,1000.0,0.0,0.0,1021.7000000000002,250.0,289.15,1649147392.7683783,1649147393.8154242,345d2a21-694a-4b55-934b-eb254ffec446
-0.006803293063865994,0.10831628208677542,0.08121079298759126,-0.19728134414870338,-0.13674255012063877,0.17666210763899895,-0.23967219751114896,-0.2629152610511985,-15.209284741196333,28.299229763783206,13.498607999826802,1.0281402805006838,0.424179493643301,0.4249555369367604,-1.0,11.993111111111112,0.0,179.02844247373812,5.2286330850729055,88.07960299123023,0.0,0.0,1000.0,0.0,0.0,1021.7000000000002,250.0,289.15,1649147393.9452503,1649147395.0370667,345d2a21-694a-4b55-934b-eb254ffec446
-0.005200795668432402,0.1088367513038424,0.0813340620127645,-0.19702110951115648,-0.13689321227595883,0.17675798354596858,-0.23960371470975095,-0.25294416477520315,-15.186012042881456,28.30981245513723,13.619213473075092,1.0278759328882536,0.42487388156629974,0.42514250387258695,-1.0,11.992666666666667,0.0,179.04507626109682,5.23413669972412,87.45906285020669,0.0,0.0,1000.0,0.0,0.0,1021.7000000000002,250.0,289.15,1649147395.1461022,1649147396.2669132,345d2a21-694a-4b55-934b-eb254ffec446
