raw_voltage_G-,raw_voltage_G0,raw_voltage_G1,raw_voltage_G2,raw_voltage_G3,raw_voltage_G4,raw_voltage_G5,raw_voltage_G6,load_x,load_y,load_z,load_l,load_m,load_n,rpm,voltage,current,roll,pitch,yaw,aileron1_pwm,elevator_pwm,throttle_pwm,rudder_pwm,aileron2_pwm,pbaro,pdiff,Tt,sample_start_time,sample_end_time,uid
-0.0015712075702724794,0.10439906639438434,0.05651589797309634,-0.22445531919614048,-0.12640164767852077,0.2015350570737331,-0.21516905147518997,-0.22944086753006646,-14.911811545262083,23.979846852108523,12.981632308863274,1.1155349284409448,0.41367097289395577,0.4101848441905351,-1.0,11.992333333333335,0.0,179.0375493926315,-12.706802823395329,115.82031916476883,0.0,0.0,1000.0,0.0,0.0,1021.7000000000002,250.0,289.15,1649147305.6156108,1649147306.7751243,c1cc2867-94de-44f1-ab7c-b699843a4fd4
-0.00841948701280144,0.10453603197792243,0.056392628945503,-0.22455119511759258,-0.12590857153661755,0.20164462953785126,-0.21555255515615857,-0.23717942448572238,-14.998113979197058,23.958070158614955,13.00249543259713,1.115806809935816,0.4146142156395764,0.41022105543054854,-1.0,11.992222222222223,0.0,179.06803176798735,-12.695978681108151,115.91700732265953,0.0,0.0,1000.0,0.0,0.0,1021.7000000000002,250.0,289.15,1649147306.907502,1649147307.997781,c1cc2867-94de-44f1-ab7c-b699843a4fd4
-0.007241582923485289,0.10430319048580931,0.056365235828654076,-0.22489360911961712,-0.126387951119376,0.2017815951179548,-0.21523753427566447,-0.24017897084328274,-14.931472515811715,23.969078587070552,12.945363581783662,1.1169830426547962,0.41381621334551183,0.4103931352879843,-1.0,11.992777777777777,0.0,179.09989232373573,-12.694333364428084,116.00279449863491,0.0,0.0,1000.0,0.0,0.0,1021.7000000000002,250.0,289.15,1649147308.1057904,1649147309.2330368,c1cc2867-94de-44f1-ab7c-b699843a4fd4
