raw_voltage_G-,raw_voltage_G0,raw_voltage_G1,raw_voltage_G2,raw_voltage_G3,raw_voltage_G4,raw_voltage_G5,raw_voltage_G6,load_x,load_y,load_z,load_l,load_m,load_n,rpm,voltage,current,roll,pitch,yaw,aileron1_pwm,elevator_pwm,throttle_pwm,rudder_pwm,aileron2_pwm,pbaro,pdiff,Tt,sample_start_time,sample_end_time,uid
-0.0015027247753589365,0.10938461363882669,0.08959308675984652,-0.18794029030485548,-0.14030365560779443,0.16691015825875924,-0.24798600956152006,-0.2680240777621575,-15.28036757743395,29.75807602125138,13.466992506077284,0.995202648625258,0.4283757508089205,0.42973513223435744,-1.0,11.992222222222223,0.0,179.26947377826863,11.232962216447696,71.4121352108186,0.0,0.0,1000.0,0.0,0.0,1021.7000000000002,250.0,289.15,1649147438.3485355,1649147439.3262537,964fe56c-42d5-4a7e-bd7b-29be5d479d93
-0.002913470331530167,0.10967224136420806,0.09004507318808545,-0.1878033247050789,-0.14026256592849473,0.1657322542587738,-0.24817776140507122,-0.26954439582906714,-15.279430547351248,29.79660225212466,13.358136174055232,0.9925078005186679,0.43042513202311045,0.42920338817962017,-1.0,11.994999999999997,0.0,179.23252397267868,11.23157417022637,70.91661788800262,0.0,0.0,1000.0,0.0,0.0,1021.7000000000002,250.0,289.15,1649147439.4621258,1649147440.4121304,964fe56c-42d5-4a7e-bd7b-29be5d479d93
-0.003433939561354965,0.10913807558837114,0.08946981773382963,-0.18768005566645382,-0.14037213840527077,0.16638968904954163,-0.24821885108582822,-0.2661887386042261,-15.281047346722522,29.76056459590606,13.391377606385953,0.993444022688298,0.42808625456558724,0.43019225999690963,-1.0,11.994555555555555,0.0,179.2191504622838,11.227264795178783,70.46255525998916,0.0,0.0,1000.0,0.0,0.0,1021.7000000000002,250.0,289.15,1649147440.5231793,1649147441.5268228,964fe56c-42d5-4a7e-bd7b-29be5d479d93
