raw_voltage_G-,raw_voltage_G0,raw_voltage_G1,raw_voltage_G2,raw_voltage_G3,raw_voltage_G4,raw_voltage_G5,raw_voltage_G6,load_x,load_y,load_z,load_l,load_m,load_n,rpm,voltage,current,roll,pitch,yaw,aileron1_pwm,elevator_pwm,throttle_pwm,rudder_pwm,aileron2_pwm,pbaro,pdiff,Tt,sample_start_time,sample_end_time,uid
-0.0029545600284053633,0.10471408723667179,0.0543244485996038,-0.2271261484169397,-0.12433346719597647,0.20450721016207477,-0.21333371243225638,-0.2352482095130529,-15.04594968652131,23.546711881505413,13.102887248182379,1.1252098730591233,0.41490977425762426,0.4080116420716851,-1.0,11.993333333333332,0.0,179.02532335401716,-14.768279988813605,116.76538056600738,0.0,0.0,1000.0,0.0,0.0,1021.7000000000002,250.0,289.15,1649147321.1882699,1649147322.3397596,1b70b82e-c9fc-4ed6-b5a4-1c483e5b1bd4
-0.009569997957067292,0.10427579736907659,0.05368071034696811,-0.2278246729807404,-0.12458000526558,0.20386347193601617,-0.2133200158715217,-0.242877193043352,-15.022499157093222,23.487073464569573,12.85720021838685,1.1248842439156608,0.41532164396404253,0.40884061944073063,-1.0,11.992444444444445,0.0,179.0284379202787,-14.780526138540486,116.89998082725111,0.0,0.0,1000.0,0.0,0.0,1021.7000000000002,250.0,289.15,1649147322.4721696,1649147323.5612936,1b70b82e-c9fc-4ed6-b5a4-1c483e5b1bd4
0.0009215661433479554,0.10412513522668942,0.053625924112264044,-0.22838623194643773,-0.12470327430134336,0.20405522374806684,-0.21344328491221298,-0.2443838146667142,-15.035084785537379,23.4970173941884,12.789265764087574,1.1266279023768282,0.4155135840826179,0.4091268527409088,-1.0,11.992,0.0,179.0322142559798,-14.799419580149602,117.01418159017369,0.0,0.0,1000.0,0.0,0.0,1021.7000000000002,250.0,289.15,1649147323.670447,1649147324.9945662,1b70b82e-c9fc-4ed6-b5a4-1c483e5b1bd4
