raw_voltage_G-,raw_voltage_G0,raw_voltage_G1,raw_voltage_G2,raw_voltage_G3,raw_voltage_G4,raw_voltage_G5,raw_voltage_G6,load_x,load_y,load_z,load_l,load_m,load_n,rpm,voltage,current,roll,pitch,yaw,aileron1_pwm,elevator_pwm,throttle_pwm,rudder_pwm,aileron2_pwm,pbaro,pdiff,Tt,sample_start_time,sample_end_time,uid
-0.009528908266883164,0.10737121956028362,0.07703334265140298,-0.20236276788606855,-0.13340058959238418,0.18371583505446756,-0.2330156692706575,-0.24731487857713474,-15.141761450062425,27.38331863275195,13.724601770056827,1.0492437143618103,0.4184993149326026,0.4172034774532902,-1.0,11.991888888888889,0.0,179.4419421260907,1.2252428520569114,95.34857945063267,0.0,0.0,1000.0,0.0,0.0,1021.7000000000002,250.0,289.15,1649147123.2386591,1649147124.2884576,e00a0a45-be93-4fce-b837-4ab17cfbe12c
-0.004360922674034869,0.10692964251780007,0.07609595018873953,-0.202985139568387,-0.13356001754390234,0.18352079606838742,-0.23275379103985577,-0.24962357080010356,-15.11058500174752,27.279381672603495,13.552484216420117,1.0494619240952843,0.41816338573391887,0.4180883499793848,-1.0,11.991222222222223,0.0,179.43520148828983,1.2300932350050053,95.36238402185518,0.0,0.0,1000.0,0.0,0.0,1021.7000000000002,250.0,289.15,1649147124.3977492,1649147125.7299116,e00a0a45-be93-4fce-b837-4ab17cfbe12c
-0.010158949992735498,0.10753557826042015,0.07681419771612817,-0.20344479612097852,-0.13375670013879035,0.18307209682567804,-0.23293348990870152,-0.24739705792311784,-15.109076669940634,27.35918790543131,13.514055717358426,1.0500499521738758,0.4208694084753171,0.41761643006187227,-1.0,11.99,0.0,179.42655143316097,1.2250532313016727,95.37076618178659,0.0,0.0,1000.0,0.0,0.0,1021.7000000000002,250.0,289.15,1649147125.860884,1649147126.977657,e00a0a45-be93-4fce-b837-4ab17cfbe12c
