raw_voltage_G-,raw_voltage_G0,raw_voltage_G1,raw_voltage_G2,raw_voltage_G3,raw_voltage_G4,raw_voltage_G5,raw_voltage_G6,load_x,load_y,load_z,load_l,load_m,load_n,rpm,voltage,current,roll,pitch,yaw,aileron1_pwm,elevator_pwm,throttle_pwm,rudder_pwm,aileron2_pwm,pbaro,pdiff,Tt,sample_start_time,sample_end_time,uid
0.0001622289096332602,0.10616701814835679,0.06861434206972726,-0.21111103467341621,-0.12957596230924287,0.19097610655407798,-0.2239178661782583,-0.24446928140162474,-14.971897578355202,25.840129170314967,13.464219791226082,1.0746872597009656,0.4156055393348142,0.4106793717930976,-1.0,11.993555555555556,0.0,179.12478001525147,-4.739131166777186,104.83885181806887,0.0,0.0,1000.0,0.0,0.0,1021.7000000000002,250.0,289.15,1649147253.7409542,1649147254.7517335,e980eebd-b503-4bbf-9ce9-664f48c65fed
-0.0008178968289202353,0.10502910807912029,0.0682538486500292,-0.2113751043497684,-0.12960664260220708,0.19094761771343702,-0.22429096047517705,-0.25072532230531086,-15.005784101091066,25.842340688561492,13.264552853506478,1.0751667425437113,0.4133568650153761,0.411297537914079,-1.0,11.992,0.0,179.1156321152231,-4.741773785939811,105.15121382374143,0.0,0.0,1000.0,0.0,0.0,1021.7000000000002,250.0,289.15,1649147254.8848636,1649147255.8507235,e980eebd-b503-4bbf-9ce9-664f48c65fed
-0.0026669323029345302,0.10596047404807263,0.06862365572986373,-0.21162164243082604,-0.1294970701261191,0.19107088673579456,-0.22412660175436475,-0.2538755309697384,-15.009095387290499,25.850619186780857,13.381437563231843,1.0760901323748464,0.4158914822106022,0.4106798726609422,-1.0,11.992666666666667,0.0,179.11373939391308,-4.7460345907533,105.43085011637073,0.0,0.0,1000.0,0.0,0.0,1021.7000000000002,250.0,289.15,1649147255.9594467,1649147257.2109325,e980eebd-b503-4bbf-9ce9-664f48c65fed
