raw_voltage_G-,raw_voltage_G0,raw_voltage_G1,raw_voltage_G2,raw_voltage_G3,raw_voltage_G4,raw_voltage_G5,raw_voltage_G6,load_x,load_y,load_z,load_l,load_m,load_n,rpm,voltage,current,roll,pitch,yaw,aileron1_pwm,elevator_pwm,throttle_pwm,rudder_pwm,aileron2_pwm,pbaro,pdiff,Tt,sample_start_time,sample_end_time,uid
-0.008049679942391452,0.10815192338675561,0.0785536606435324,-0.20023980109288075,-0.1351948388909614,0.18025060585998498,-0.23617957466617123,-0.26543542803609527,-15.158095502319517,27.77055172032053,13.607811986531175,1.0392838662174295,0.42241970687836544,0.4218576837095265,-1.0,11.994666666666667,0.0,179.0128666067909,3.012224224822159,97.58778942703955,0.0,0.0,1000.0,0.0,0.0,1021.7000000000002,250.0,289.15,1649147380.4501889,1649147381.5277164,792c7cb8-cdce-453b-8765-619dd7ba98f9
-0.004132464074100038,0.10835737176211961,0.0788275918131252,-0.19997956645393603,-0.13535919760575488,0.1800314609309408,-0.23678222331269091,-0.26258654329728387,-15.188532143661027,27.836302830908256,13.6374293884704,1.0386433048681787,0.4231296283937103,0.42258683436708316,-1.0,11.993888888888888,0.0,178.9876480305554,3.043408188671825,96.28480865836447,0.0,0.0,1000.0,0.0,0.0,1021.7000000000002,250.0,289.15,1649147381.6525342,1649147382.7553031,792c7cb8-cdce-453b-8765-619dd7ba98f9
-0.01295304801118465,0.10841215799561814,0.07859475031892225,-0.2006780910111404,-0.13545507352228595,0.18001776437279596,-0.23676852675270918,-0.2508622879077311,-15.190739811104153,27.811192744779607,13.551195572570897,1.0399953179356798,0.42418584010561466,0.42290294942299966,-1.0,11.992777777777778,0.0,178.99442206039222,3.078966153490912,95.28560207084553,0.0,0.0,1000.0,0.0,0.0,1021.7000000000002,250.0,289.15,1649147382.888478,1649147383.886933,792c7cb8-cdce-453b-8765-619dd7ba98f9
