raw_voltage_G-,raw_voltage_G0,raw_voltage_G1,raw_voltage_G2,raw_voltage_G3,raw_voltage_G4,raw_voltage_G5,raw_voltage_G6,load_x,load_y,load_z,load_l,load_m,load_n,rpm,voltage,current,roll,pitch,yaw,aileron1_pwm,elevator_pwm,throttle_pwm,rudder_pwm,aileron2_pwm,pbaro,pdiff,Tt,sample_start_time,sample_end_time,uid
-0.010146349149997604,0.1094147460672325,0.09583214305209252,-0.18213130534309954,-0.14330320215639228,0.1604711323423791,-0.25343669268321584,-0.2768939700868629,-15.266375554722327,30.842535785170885,13.306260969790168,0.9751107506147036,0.4295129974329703,0.43246929857720423,-1.0,11.993333333333332,0.0,179.2135997952183,15.220974112535865,60.26322349988607,0.0,0.0,1000.0,0.0,0.0,1021.7000000000002,250.0,289.15,1649147469.0786617,1649147470.20708,c9d611d3-101c-4fa9-8431-0e652fb3ba2f
-0.015911504712820393,0.1086586960454124,0.09563326902371845,-0.18261232852452536,-0.14309775376276515,0.16054125872008942,-0.2540261926378828,-0.2741738334009469,-15.34876447824181,30.85389681709785,13.145316573965033,0.9763516874961242,0.42873373421537536,0.43291490295883933,-1.0,11.994444444444445,0.0,179.2000304860672,15.217256212897654,59.70308575733257,0.0,0.0,1000.0,0.0,0.0,1021.7000000000002,250.0,289.15,1649147470.3396978,1649147471.431099,c9d611d3-101c-4fa9-8431-0e652fb3ba2f
-0.009912411917660199,0.1107268763568489,0.09612634512576597,-0.1816398727774666,-0.1424540154622321,0.1606782243017902,-0.25380704767334034,-0.2777623326183996,-15.378183742213002,30.82761982622023,13.583114508944107,0.9743711826987447,0.43272978073065754,0.43192043834955723,-1.0,11.991999999999999,0.0,179.2305371465401,15.211519043722319,59.25353560763077,0.0,0.0,1000.0,0.0,0.0,1021.7000000000002,250.0,289.15,1649147471.5396087,1649147472.5549748,c9d611d3-101c-4fa9-8431-0e652fb3ba2f
