raw_voltage_G-,raw_voltage_G0,raw_voltage_G1,raw_voltage_G2,raw_voltage_G3,raw_voltage_G4,raw_voltage_G5,raw_voltage_G6,load_x,load_y,load_z,load_l,load_m,load_n,rpm,voltage,current,roll,pitch,yaw,aileron1_pwm,elevator_pwm,throttle_pwm,rudder_pwm,aileron2_pwm,pbaro,pdiff,Tt,sample_start_time,sample_end_time,uid
-0.012049075104166718,0.10685075034149472,0.0742803343934286,-0.20491032803744372,-0.13197614739992067,0.18505809774651374,-0.22966001203688324,-0.250163763493653,-15.045142204202966,26.84049774124027,13.517893089282671,1.054286807802036,0.4178253727238175,0.4141517415738478,-1.0,11.993000000000002,0.0,179.28105929692077,-0.7630581864119031,99.07805474166629,0.0,0.0,1000.0,0.0,0.0,1021.7000000000002,250.0,289.15,1649147210.4366047,1649147211.748331,bc95a995-65ea-4315-a252-73f421245a27
-0.00032482069951982225,0.10587829469825748,0.07360920302813141,-0.20540340419564773,-0.13218159579262106,0.18549638760479661,-0.22929020491390475,-0.248944769254366,-15.007227974140314,26.780237514621472,13.379646187890529,1.0559481201615806,0.4151521441177783,0.41455413970315164,-1.0,11.992555555555557,0.0,179.28512098274723,-0.7701510829186642,99.1724009035816,0.0,0.0,1000.0,0.0,0.0,1021.7000000000002,250.0,289.15,1649147211.885999,1649147212.9670732,bc95a995-65ea-4315-a252-73f421245a27
-0.007515514118017056,0.10672748131726671,0.07326678906566962,-0.20496511427626374,-0.1317296093280443,0.18533202890806807,-0.22916693587221884,-0.25176626098895366,-15.030287594845907,26.69569838897139,13.532143553024833,1.0540253408768752,0.4170716364493479,0.4145700058733402,-1.0,11.991999999999999,0.0,179.2989908202218,-0.7662868085319912,99.24911531160946,0.0,0.0,1000.0,0.0,0.0,1021.7000000000002,250.0,289.15,1649147213.0757382,1649147214.1962407,bc95a995-65ea-4315-a252-73f421245a27
