raw_voltage_G-,raw_voltage_G0,raw_voltage_G1,raw_voltage_G2,raw_voltage_G3,raw_voltage_G4,raw_voltage_G5,raw_voltage_G6,load_x,load_y,load_z,load_l,load_m,load_n,rpm,voltage,current,roll,pitch,yaw,aileron1_pwm,elevator_pwm,throttle_pwm,rudder_pwm,aileron2_pwm,pbaro,pdiff,Tt,sample_start_time,sample_end_time,uid
-0.006693720581091546,0.10924764805535392,0.08703183033177042,-0.19140551995148344,-0.13918053772231556,0.16975904234989644,-0.24530148375576558,-0.2755708828094867,-15.258141683132061,29.29484874806418,13.405259060330144,1.006224204913314,0.4285082970605047,0.42794612105311963,-1.0,11.992666666666667,0.0,179.17739979261725,9.23797514018846,76.11616314210707,0.0,0.0,1000.0,0.0,0.0,1021.7000000000002,250.0,289.15,1649147419.8197086,1649147420.8491943,e57152ba-d806-43ba-a3fd-8d0cb0c3a4dd
-0.00414616064331057,0.10927504117209336,0.08708661656563933,-0.19098092659499977,-0.13890660653106252,0.17000558039618766,-0.245096035352108,-0.26702422941547926,-15.262418110849266,29.279058548566653,13.500860406938282,1.0057315698464846,0.42774492191776275,0.4273511871455639,-1.0,11.995555555555557,0.0,179.19426732422755,9.232047389762537,75.63788901130573,0.0,0.0,1000.0,0.0,0.0,1021.7000000000002,250.0,289.15,1649147420.9804716,1649147422.069719,e57152ba-d806-43ba-a3fd-8d0cb0c3a4dd
-0.0029408634568395438,0.10988809912384415,0.08681213753424957,-0.19071740478272647,-0.13901672686979544,0.16997763941784177,-0.2454422843950234,-0.2636269341058729,-15.278869927657647,29.26313724752506,13.614598427612286,1.00496497971328,0.4291025309830127,0.4286002423778087,-1.0,11.993000000000002,0.0,179.24256586857842,9.234643905148266,75.27207090954903,0.0,0.0,1000.0,0.0,0.0,1021.7000000000002,250.0,289.15,1649147422.1786602,1649147423.228171,e57152ba-d806-43ba-a3fd-8d0cb0c3a4dd
