raw_voltage_G-,raw_voltage_G0,raw_voltage_G1,raw_voltage_G2,raw_voltage_G3,raw_voltage_G4,raw_voltage_G5,raw_voltage_G6,load_x,load_y,load_z,load_l,load_m,load_n,rpm,voltage,current,roll,pitch,yaw,aileron1_pwm,elevator_pwm,throttle_pwm,rudder_pwm,aileron2_pwm,pbaro,pdiff,Tt,sample_start_time,sample_end_time,uid
0.015758100116881148,0.111124076545163,0.004834567662758144,-0.08283183878661818,-0.10156873191141497,0.195073442396546,-0.20111954173121036,-0.23103282884793336,-13.382128056119909,16.682670490646004,31.46259659465614,0.7343156709655548,0.2434338480110196,0.45899125552570436,-1.0,12.041999999999998,0.01,178.95109285811748,-9.10546093255375,103.78138447583962,0.0,0.0,1000.0,0.0,0.0,1019.7999999999998,61.0,292.15,1637077720.6753347,1637077721.8200715,74f78649-1f3e-4804-9d5a-48180094b7fd
-0.0006924363249536663,0.10550958333231582,0.004343514425418264,-0.08254307328134129,-0.10075401841827589,0.2012978325878197,-0.2013678498039384,-0.22961125240401642,-13.57622903291866,16.777222567358248,31.60017007625811,0.7481778930754261,0.22246549375116093,0.4582471512235457,-1.0,12.039333333333332,0.01,178.9895012885502,-9.117704046641,104.077017830415,0.0,0.0,1000.0,0.0,0.0,1019.7999999999998,61.0,292.15,1637077721.9521973,1637077723.0396116,74f78649-1f3e-4804-9d5a-48180094b7fd
-0.0014237061058288926,0.11125050630701791,0.004783995760569,-0.08508228885461017,-0.10077222429228277,0.1966791004162798,-0.20143561618692216,-0.22332061197295697,-13.556227385321922,16.656512368998477,31.413731668560555,0.7427289129050597,0.2458467863054396,0.4582409712212181,-1.0,12.041250000000002,0.01,179.01250650403966,-9.114550847121981,104.35120496017898,0.0,0.0,1000.0,0.0,0.0,1019.7999999999998,61.0,292.15,1637077723.147869,1637077724.2689793,74f78649-1f3e-4804-9d5a-48180094b7fd
