raw_voltage_G-,raw_voltage_G0,raw_voltage_G1,raw_voltage_G2,raw_voltage_G3,raw_voltage_G4,raw_voltage_G5,raw_voltage_G6,load_x,load_y,load_z,load_l,load_m,load_n,rpm,voltage,current,roll,pitch,yaw,aileron1_pwm,elevator_pwm,throttle_pwm,rudder_pwm,aileron2_pwm,pbaro,pdiff,Tt,sample_start_time,sample_end_time,uid
0.059962499781057194,0.205623753298338,-0.013078510158954747,-0.34200632791258173,-0.1649196624447705,0.3481556112912542,-0.18299912143564667,-0.20604878740860755,-13.071482161250506,16.108151225276426,32.46556409744234,1.6585616344414134,0.6175417300929079,0.5549250297206103,-1.0,12.041555555555554,0.01,178.95011841779586,-14.011545021966368,110.73878364241413,0.0,0.0,1000.0,0.0,0.0,1019.7999999999998,61.0,292.15,1637077766.5999978,1637077767.6949046,af213454-49a2-45bd-af09-2126eaf454df
0.08257623436573383,0.2636110180226811,-0.010374934519034524,-0.3407486045907645,-0.17487271925828712,0.2888337549516062,-0.20312977610926056,-0.22160116750470474,-12.98443706967914,16.247747202521644,32.205094547441554,1.5234827013387853,0.8367405871355322,0.6001216481341726,-1.0,12.04,0.01,178.96602365164313,-14.014500691465953,110.86709026379263,0.0,0.0,1000.0,0.0,0.0,1019.7999999999998,61.0,292.15,1637077767.830712,1637077768.9154444,af213454-49a2-45bd-af09-2126eaf454df
0.05323036732780635,0.19603835395091063,-0.012105505596333353,-0.3104626077009576,-0.1582795691164168,0.33177233412171075,-0.18541848095588292,-0.2080605375409178,-13.066525133274927,16.107618993965026,32.924759674117865,1.5507119331456536,0.5736636983860508,0.5477674065491371,-1.0,12.040666666666668,0.01,178.98028053317068,-14.01489333247949,111.03156880810563,0.0,0.0,1000.0,0.0,0.0,1019.7999999999998,61.0,292.15,1637077769.0237458,1637077770.1445363,af213454-49a2-45bd-af09-2126eaf454df
