raw_voltage_G-,raw_voltage_G0,raw_voltage_G1,raw_voltage_G2,raw_voltage_G3,raw_voltage_G4,raw_voltage_G5,raw_voltage_G6,load_x,load_y,load_z,load_l,load_m,load_n,rpm,voltage,current,roll,pitch,yaw,aileron1_pwm,elevator_pwm,throttle_pwm,rudder_pwm,aileron2_pwm,pbaro,pdiff,Tt,sample_start_time,sample_end_time,uid
-0.012158099659609973,0.08390627568822628,0.02227833637572104,-0.014669500693238186,-0.1026737281304642,0.09236088727465094,-0.23885478680952693,-0.26715078490982913,-13.669554367307919,20.26753442329479,21.87885158721108,0.3727100022280673,0.2210997655922996,0.47256044293045846,-1.0,12.040333333333333,0.01,179.12060904639827,-2.950657018223337,93.09763900378124,0.0,0.0,1000.0,0.0,0.0,1019.7999999999998,61.0,292.15,1637077666.0457084,1637077667.1344585,24cb1c42-7191-4259-a2b7-f7746b42f3dc
-0.00906815596375075,0.08255195998706556,0.019162095313842907,-0.015432125092868834,-0.10461973530060992,0.0961082656620788,-0.23963055999904143,-0.2639162049394897,-13.629062694426793,20.143143575378577,22.10925444828261,0.38192849568970977,0.2135858461776703,0.4807970632971443,-1.0,12.039333333333333,0.01,179.119409968744,-2.9572780565659524,93.65979848232905,0.0,0.0,1000.0,0.0,0.0,1019.7999999999998,61.0,292.15,1637077667.2690556,1637077668.3627236,24cb1c42-7191-4259-a2b7-f7746b42f3dc
-0.016431426029961952,0.08623359490023574,0.022054808530565125,-0.017233496537223086,-0.10323912210888771,0.09255811770799001,-0.23821050062557064,-0.2676767327849672,-13.609831664212168,20.187075097354096,21.897680378868163,0.3784255113067205,0.22953919367638378,0.4730783651636253,-1.0,12.038333333333334,0.01,179.12191133580004,-2.972025336189526,94.07935120010606,0.0,0.0,1000.0,0.0,0.0,1019.7999999999998,61.0,292.15,1637077668.4960973,1637077669.5859745,24cb1c42-7191-4259-a2b7-f7746b42f3dc
