raw_voltage_G-,raw_voltage_G0,raw_voltage_G1,raw_voltage_G2,raw_voltage_G3,raw_voltage_G4,raw_voltage_G5,raw_voltage_G6,load_x,load_y,load_z,load_l,load_m,load_n,rpm,voltage,current,roll,pitch,yaw,aileron1_pwm,elevator_pwm,throttle_pwm,rudder_pwm,aileron2_pwm,pbaro,pdiff,Tt,sample_start_time,sample_end_time,uid
-0.02124384912072316,0.0956349122135975,0.10444453875484871,0.26872434318953514,-0.036259660748331125,-0.3504740859310609,-0.3103048121746799,-0.3392056510009309,-13.87399601091422,25.22608980940564,-2.345066020376212,-1.2286685429702286,0.45163338681276066,0.33939035168504206,-1.0,12.040666666666667,0.01,179.34305009382783,17.205910755158904,45.55854110998174,0.0,0.0,1000.0,0.0,0.0,1019.7999999999998,61.0,292.15,1637077497.887603,1637077499.0938523,c179e37e-7d49-4381-af72-0dd6f8eaa0a1
-0.04749471625223655,0.08796214243376443,0.1188110064223793,0.2664430445257444,-0.02110882207456321,-0.34072331472358636,-0.2905812590258654,-0.31680279745785433,-13.738033072738842,25.149092655374318,-2.1949288501132873,-1.201313903506634,0.4217531892446882,0.2704791775981541,-1.0,12.040777777777778,0.01,179.28376708747177,17.210850499748638,45.49857736143838,0.0,0.0,1000.0,0.0,0.0,1019.7999999999998,61.0,292.15,1637077499.229534,1637077500.51813,c179e37e-7d49-4381-af72-0dd6f8eaa0a1
-0.045963398705267035,0.10294558744619182,0.08147376685868166,0.272077260881414,-0.05600900301691307,-0.3645168957699518,-0.33627349105391524,-0.35774531568653656,-14.043979967536497,24.91541424063092,-3.067485885076013,-1.271191993009281,0.48478444824281813,0.43447894073782983,-1.0,12.042555555555555,0.01,179.24790707650936,17.198577788174987,45.420285179712245,0.0,0.0,1000.0,0.0,0.0,1019.7999999999998,61.0,292.15,1637077500.6273623,1637077501.7515564,c179e37e-7d49-4381-af72-0dd6f8eaa0a1
