raw_voltage_G-,raw_voltage_G0,raw_voltage_G1,raw_voltage_G2,raw_voltage_G3,raw_voltage_G4,raw_voltage_G5,raw_voltage_G6,load_x,load_y,load_z,load_l,load_m,load_n,rpm,voltage,current,roll,pitch,yaw,aileron1_pwm,elevator_pwm,throttle_pwm,rudder_pwm,aileron2_pwm,pbaro,pdiff,Tt,sample_start_time,sample_end_time,uid
-0.043345712318422,0.07514321757103687,0.022110142625860474,0.10037227820944637,-0.10750039566571688,-0.13926271709601,-0.314811528103041,-0.3402871316184349,-14.06124451017419,22.536964405645012,2.4840264329760484,-0.39553809499597065,0.3487648224417869,0.5588983612396025,-1.0,12.044222222222222,0.01,178.96964516972307,10.304168713128576,62.609423836181755,1525.0,1435.0,1000.0,1528.0,1475.0,1019.7999999999998,58.0,292.15,1637077161.7695205,1637077162.8009703,30540a21-e6f2-4b2a-935b-f63c2ba15005
-0.04193989750876594,0.07576723277860198,0.02134477893039609,0.10169646147834847,-0.1078674634456176,-0.14071290882271384,-0.3160507929162002,-0.33313095239767193,-14.09071670079547,22.517394121185035,2.530777827697989,-0.40195912935642497,0.3506876121769402,0.5623465214152233,-1.0,12.044,0.01,179.0354821220427,10.329869197155519,62.42445320653891,1525.0,1435.0,1000.0,1528.0,1475.0,1019.7999999999998,58.0,292.15,1637077162.9383914,1637077164.0236447,30540a21-e6f2-4b2a-935b-f63c2ba15005
-0.04025686431911327,0.0763457754119785,0.02396136950965105,0.10049993014057713,-0.10619757892740758,-0.14055512445728965,-0.3140916368691285,-0.3441890077705918,-14.098266324905456,22.590977503405952,2.493955728541616,-0.3982970733445552,0.3535517309567121,0.5536880550564992,-1.0,12.045,0.01,179.11260710033068,10.346664632324579,62.24936965517462,1525.0,1435.0,1000.0,1528.0,1475.0,1019.7999999999998,58.0,292.15,1637077164.132398,1637077165.251173,30540a21-e6f2-4b2a-935b-f63c2ba15005
