raw_voltage_G-,raw_voltage_G0,raw_voltage_G1,raw_voltage_G2,raw_voltage_G3,raw_voltage_G4,raw_voltage_G5,raw_voltage_G6,load_x,load_y,load_z,load_l,load_m,load_n,rpm,voltage,current,roll,pitch,yaw,aileron1_pwm,elevator_pwm,throttle_pwm,rudder_pwm,aileron2_pwm,pbaro,pdiff,Tt,sample_start_time,sample_end_time,uid
-0.015497868591675146,0.09258441511720701,0.016676991694535414,-0.03953368596931753,-0.10226611854143522,0.12838831436686643,-0.22596906305182304,-0.25389689723158204,-13.618427713680303,19.09589929586376,24.994366273508827,0.5022324981144145,0.22835982261938131,0.4670368062162179,-1.0,12.039222222222222,0.01,179.1601512882332,-5.018776234302303,98.05604139359876,0.0,0.0,1000.0,0.0,0.0,1019.7999999999998,61.0,292.15,1637077690.8878543,1637077691.9158375,4f914d6c-88a5-4e70-829a-56bec2074c99
-0.02272965170081882,0.09255811772612038,0.016243084730223442,-0.04091429913776884,-0.10279206640196342,0.1292955743771911,-0.22632407787110195,-0.24929485327185713,-13.64054017793129,19.10152042511424,24.935996844719526,0.5073807797520455,0.22907759574940528,0.4687347115710625,-1.0,12.041,0.01,179.1667750539083,-4.9746537340145816,98.30467014521605,0.0,0.0,1000.0,0.0,0.0,1019.7999999999998,61.0,292.15,1637077692.0522215,1637077693.138089,4f914d6c-88a5-4e70-829a-56bec2074c99
-0.010580256089656776,0.09395187950685177,0.019135797937929733,-0.040730217371177845,-0.10087235664299886,0.1288748161143551,-0.22339191828466343,-0.24295718055066054,-13.549943058100284,19.123605800385235,25.115985185445314,0.5063847762810068,0.23222968630208374,0.4584805500167578,-1.0,12.041888888888888,0.01,179.17650579674586,-4.936093806191536,98.49921062879596,0.0,0.0,1000.0,0.0,0.0,1019.7999999999998,61.0,292.15,1637077693.247052,1637077694.3738563,4f914d6c-88a5-4e70-829a-56bec2074c99
