raw_voltage_G-,raw_voltage_G0,raw_voltage_G1,raw_voltage_G2,raw_voltage_G3,raw_voltage_G4,raw_voltage_G5,raw_voltage_G6,load_x,load_y,load_z,load_l,load_m,load_n,rpm,voltage,current,roll,pitch,yaw,aileron1_pwm,elevator_pwm,throttle_pwm,rudder_pwm,aileron2_pwm,pbaro,pdiff,Tt,sample_start_time,sample_end_time,uid
0.051917014910285345,0.138875410618064,0.02792064379579486,-0.37735003453270555,-0.11399677961107531,0.44556873086295246,-0.10577884504850049,-0.13114065815462597,-13.171524180499567,15.87439010590225,32.8478512440036,1.9576910974286688,0.3714614639566436,0.31191334962248646,-1.0,12.04088888888889,0.01,178.93098174556133,-16.88092143725828,113.47922097978315,0.0,0.0,1000.0,0.0,0.0,1019.7999999999998,61.0,292.15,1637077816.2726314,1637077817.2501037,65598f65-d3a8-424a-b780-1ba1d4112537
0.05539990229012382,0.14699371890076823,0.029812539139828235,-0.3882371492380871,-0.11854420570451342,0.4472967740195363,-0.10542180623476033,-0.12596007088770464,-12.937295453085651,16.13021550981915,32.80348549374377,1.988033838438078,0.4021101666352672,0.31590298876245965,-1.0,12.040666666666668,0.01,178.95418921054124,-16.903765953574773,113.55965859981856,0.0,0.0,1000.0,0.0,0.0,1019.7999999999998,61.0,292.15,1637077817.3588798,1637077818.4773529,65598f65-d3a8-424a-b780-1ba1d4112537
0.030443676682246526,0.14865045442517583,0.025013264617168667,-0.3828724804763502,-0.12046391593419775,0.4400123969304244,-0.1122985753165631,-0.1324423787842946,-13.15915562195228,15.988968682307187,32.65899876117293,1.9582534672236767,0.4102076367226932,0.33479723233497216,-1.0,12.041222222222224,0.01,178.99680959096207,-16.890115441063546,113.62575206368705,0.0,0.0,1000.0,0.0,0.0,1019.7999999999998,61.0,292.15,1637077818.5861328,1637077819.7073205,65598f65-d3a8-424a-b780-1ba1d4112537
