raw_voltage_G-,raw_voltage_G0,raw_voltage_G1,raw_voltage_G2,raw_voltage_G3,raw_voltage_G4,raw_voltage_G5,raw_voltage_G6,load_x,load_y,load_z,load_l,load_m,load_n,rpm,voltage,current,roll,pitch,yaw,aileron1_pwm,elevator_pwm,throttle_pwm,rudder_pwm,aileron2_pwm,pbaro,pdiff,Tt,sample_start_time,sample_end_time,uid
-0.06401655928107979,0.05379576143493286,0.02958901154709974,0.08366959915688815,-0.10221352374056762,-0.09788760243164722,-0.29634089429113686,-0.3104100015506643,-13.86930536612699,22.882901558328502,3.30010743292309,-0.26199317385702137,0.26264392396848135,0.5136184458897735,-1.0,12.039444444444444,0.01,179.6954104461899,10.319198923852143,62.41350061874985,0.0,0.0,1000.0,0.0,0.0,1019.7999999999998,61.0,292.15,1637077558.1718352,1637077559.1954181,64918c81-79c1-4cf5-9fa1-7cfdb517aad0
-0.04931530487680629,0.05174001335060837,0.02631498615950315,0.08654612928866517,-0.10364218023668285,-0.09929299585603465,-0.2996715606753627,-0.32108876726320934,-13.956084577779817,22.818424133830586,3.1664173381807545,-0.27229547441857344,0.256169900957241,0.5243230377442779,-1.0,12.041,0.01,179.57924866006562,10.308003200301368,62.77127655221383,0.0,0.0,1000.0,0.0,0.0,1019.7999999999998,61.0,292.15,1637077559.304859,1637077560.6294413,64918c81-79c1-4cf5-9fa1-7cfdb517aad0
-0.07398175430455896,0.05192965800708801,0.023799033682463864,0.08200730052149854,-0.10758678933794925,-0.09560124633401938,-0.30199786881310914,-0.32285878437391174,-13.932728612635911,22.905408366487187,3.103712947088287,-0.2533080219258151,0.2576724275732103,0.5363127698090057,-1.0,12.040222222222221,0.01,179.4771100112172,10.303875394449218,63.07473426793841,0.0,0.0,1000.0,0.0,0.0,1019.7999999999998,61.0,292.15,1637077560.7385728,1637077561.8582013,64918c81-79c1-4cf5-9fa1-7cfdb517aad0
