raw_voltage_G-,raw_voltage_G0,raw_voltage_G1,raw_voltage_G2,raw_voltage_G3,raw_voltage_G4,raw_voltage_G5,raw_voltage_G6,load_x,load_y,load_z,load_l,load_m,load_n,rpm,voltage,current,roll,pitch,yaw,aileron1_pwm,elevator_pwm,throttle_pwm,rudder_pwm,aileron2_pwm,pbaro,pdiff,Tt,sample_start_time,sample_end_time,uid
-0.05674094709482782,0.06865104884294039,0.022452556602147965,0.16015775506207186,-0.09922767379720898,-0.2276740108626464,-0.3356439970314575,-0.36383151966992716,-14.154289428445233,22.585824950456402,-3.2379558650540132,-0.729689466336907,0.36844924032391385,0.5684080421737093,-1.0,12.043444444444443,0.01,178.48696480799714,14.470997712736095,55.35536185374195,1525.0,1435.0,1000.0,1528.0,1475.0,1019.7999999999998,58.0,292.15,1637077198.58541,1637077199.872082,12303b36-2a87-4944-a1e4-4160cba1f7d8
-0.059080081185990216,0.072864229342822,0.027486935181043927,0.16630572318348752,-0.09473877535477666,-0.23946019860041715,-0.3337878152945954,-0.3554974607792126,-14.111040422081569,22.59760229386786,-3.4954914273755846,-0.7697334440571099,0.38579006017316153,0.5530146622141576,-1.0,12.042333333333334,0.01,178.4009135313739,14.869137218282694,54.27016242566264,1525.0,1435.0,1000.0,1528.0,1475.0,1019.7999999999998,58.0,292.15,1637077200.0076053,1637077201.0213687,12303b36-2a87-4944-a1e4-4160cba1f7d8
-0.05543977398848534,0.0734311477653305,0.024452254171267795,0.16693755136414667,-0.09711840366094582,-0.24149384003190724,-0.3378765364587643,-0.3611059040661739,-14.208356147429257,22.585291817847487,-3.6495794101984287,-0.7760348207266072,0.3897004206818524,0.5660076808228659,-1.0,12.042222222222222,0.01,178.34032064651697,15.130760594523382,53.30608008595047,1525.0,1435.0,1000.0,1528.0,1475.0,1019.7999999999998,58.0,292.15,1637077201.1293519,1637077202.3209956,12303b36-2a87-4944-a1e4-4160cba1f7d8
